{
    "black" : [0,0,0,255],
    "darkergray" : [60,60,60,255],
    "darkgray" : [100,100,100,255],
    "gray" : [150,150,150,255],
    "lightgray" : [225,225,225,255],
    "verylightgray" : [245,245,245,255],
    "darkbeige": [211,176,131,255],
    "beige" : [245,245,220,255],
    "white" : [250,250,250,255],
    "maroon" : [190,35,55,255],
    "brickred" : [153,0,0,255],
    "darkred" : [200,0,0,255],
    "red" : [255,0,0,255],
    "magenta" : [255,0,255,255],
    "pink" : [255,128,128,255],
    "lightpink" : [255,230,230,255],
    "brown" : [128,51,0,255],
    "intenseorange": [255,102,0,255],
    "orange": [255,140,50,255],
    "lightorange" : [255,195,150,255],
    "gold": [255,204,0,255],
    "yellow" : [255,255,0,255],
    "lightyellow" : [255,255,128,255],
    "darkgreen" : [0,155,50,255],
    "green" : [0,200,0,255],
    "grassgreen" : [70,200,70,255],
    "lightgreen" : [155,255,155,255],
    "navy" : [0,0,175,255],
    "googleblue" : [0,0,255,255],
    "blue" : [0,100,255,255],
    "lightblue" : [128,180,255,255],
    "cyan" : [0,255,255,255],
    "lightcyan" : [155,255,255,255],
    "violet" : [200,0,255,255],
    "lavendar" : [200,155,255,255],
    "deeppurple" : [102,0,204,255],
    "purple" : [155,50,255,255],
    "lightpurple" : [230,204,255,255]
}